<?xml version="1.0" encoding="UTF-8"?>
<configuration>

    <property>
        <name>process-id</name>
        <value>RECARGA_OFERTA_DIA</value>
    </property>

	<property>
		<name>process-description</name>
		<value>Processo responsável por realizar a carga no gpdb do report recarga oferta diario</value>
	</property>	

    <property>
        <name>base-path</name>
        <value>${environment}/work/recarga_detalhada/historico/</value>
    </property>

    <property>
        <name>input-path</name>
        <value>${base-path}/hive_staging</value>
    </property>

    <property>
        <name>staging-path</name>
        <value>${base-path}/gpdb_staging</value>
    </property>

    <property>
        <name>archive-path</name>
        <value>${base-path}/gpdb_archive/${timestamp}</value>
    </property>

    <property>
        <name>failed-path</name>
        <value>${base-path}/gpdb_failed/${timestamp}</value>
    </property>

    <property>
        <name>max-input-to-process</name>
        <value>20</value>
    </property>

    <property>
        <name>max-archive</name>
        <value>0</value>
    </property>

    <property>
        <name>max-failed</name>
        <value>20</value>
    </property>
    
    <property>
        <name>external-table</name>
        <value>ext.dw_r_recarga_oferta_hist</value>
    </property>    

    <property>
        <name>managed-table</name>
        <value>reports.dw_r_recarga_oferta_hist</value>
    </property>

    <property>
        <name>partition-type</name>
        <value>DAILY</value>
    </property>

    <property>
        <name>partition-query</name>
        <value>select
            distinct dat_ref
            from ${external-table}
        </value>
    </property>

    <property>
        <name>insert</name>
        <value>insert into ${managed-table} 
        		select * 
        		from   ${external-table};
        </value>
    </property>

</configuration>