<?xml version="1.0" encoding="UTF-8"?>
<configuration>

    <property>
        <name>process-id</name>
        <value>HIVE_RECARGA_INTRADAY</value>
        <description>Processo para geração de relatório intraday de recarga detalhada.</description>
    </property>

    <property>
        <name>hive-name-querys</name>
        <value>query</value>
        <description>Poderá ser adicionada uma ou mais querys</description>
    </property>
    
    <property>
        <name>hiveingestion.tez.queue.name</name>
        <value>model_high</value>
    </property>
    
    <property>
        <name>hiveingestion.hive.enforce.bucketing</name>
        <value>true</value>
    </property>

    <property>
        <name>hive-name-querys</name>
        <value>subset-oferta, subset-er-recarga, report-recarga-oferta-pre-calc, report-recarga-oferta-hist, export-hive-to-gpdb</value>
        <description>Poderá ser adicionada uma ou mais querys</description>
    </property>
    
    <property>
        <name>context-class</name>
        <value>br.com.tim.report.hive.HiveContextHdp</value>
    </property>
    
    <property>
        <name>hiveingestion.hive.exec.compress.output</name>
        <value>false</value>
    </property>
    
    <property>
    	<name>execution-date</name>
    	<value></value>
    </property>

    <property>
        <name>subset-oferta</name>
        <value><![CDATA[
                        create temporary table er_base_oferta_diaria_subset_reduzido stored as ORC
						as 
						select num_telefone, 
						       dsc_oferta_normalizada, 
						       dat_referencia
						from   fact.er_base_oferta_diaria o
						where  o.ref_date = regexp_replace(substr('${execution-date}', 3), "-","") -- pegamos a data parametrizada
        ]]></value>
    </property>
    
    <property>
        <name>subset-er-recarga</name>
        <value><![CDATA[
                        create temporary table dw_f_rcrg_er_recarga_subset_reduzido stored as ORC
						as 
						select dat_ref,
						       num_msisdn,
						       substr(num_msisdn, 1,2) as ddd,
						       dsc_plano_tarifario,
						       vlr_recarga,
						       dsc_midia,
						       dsc_agente_arrecadador,
						       dsc_origem,
						       nom_fantasia,
						       dat_recarga
						from   fact.dw_f_rcrg_er_recarga r
						where  r.dat_ref_part = '${execution-date}' -- pegamos a data parametrizada
						   and r.tpo_credito = 'RECARGA' 
						   and upper(r.dsc_origem) not like 'M4U-EXPRESS%'
						   and r.tpo_saldo = 'REAIS'
					       and r.dsc_sistema_origem in ('SERVCEL','PRESS','VVS')
						   and upper(r.tpo_recarga) not in (select upper(tpo_recarga)
						                              from   aux.dw_d_tipo_recarga)
    	]]></value>
    </property>
    
    <property>
        <name>report-recarga-oferta-pre-calc</name>
        <value><![CDATA[create temporary table dw_f_recarga_oferta_dia_pre_calculada stored as ORC
						as
						select /*+MAPJOIN(reg) */
						-- colunas
						    r.dat_ref,
						    hour(r.dat_recarga) as num_hora,
						    reg.nom_regional_venda as nom_regional_venda,
						    r.ddd as num_cn,
						    case
						        when r.dsc_plano_tarifario like '%BETA%' then 'BETA'
						        when r.dsc_plano_tarifario like '%CONTROLE%' then 'CONTROLE'
						        else 'PRE'
						    end as dsc_plano_normalizado,
						    case
						        when cast(r.vlr_recarga as decimal) = 10.00 then '10,00'
						        when cast(r.vlr_recarga as decimal) = 12.00 then '12,00'
						        when cast(r.vlr_recarga as decimal) = 15.00 then '15,00'
						        when cast(r.vlr_recarga as decimal) = 20.00 then '20,00'
						        when cast(r.vlr_recarga as decimal) = 30.00 then '30,00'
						        when cast(r.vlr_recarga as decimal) = 40.00 then '40,00'
						        when cast(r.vlr_recarga as decimal) = 50.00 then '50,00'
						        when cast(r.vlr_recarga as decimal) = 60.00 then '60,00'
						        when cast(r.vlr_recarga as decimal) = 100.00 then '100,00'
						        else 'Outros'
						    end dsc_valor_face,
						    case
						        when r.dsc_midia is null then 'NAO ENCONTRADO'
						        else upper(r.dsc_midia)
						    end as nom_canal_venda,
						    case
						        when r.dsc_agente_arrecadador is null
						         and r.nom_fantasia is null then upper(r.dsc_origem)
						        when r.dsc_agente_arrecadador is null
						         and r.nom_fantasia is not null then upper(r.nom_fantasia)
						        when r.dsc_agente_arrecadador is not null then upper(r.dsc_agente_arrecadador)
						        else 'NAO ENCONTRADO'
						    end as nom_fantasia,
						    case
						        when o.dsc_oferta_normalizada is null
						        and r.dsc_plano_tarifario like '%EMP%' then 'CORPORATIVO'
						        when o.dsc_oferta_normalizada is null
						        and r.dsc_plano_tarifario like '%POS%' then 'POS'
						        when o.dsc_oferta_normalizada is null
						        and r.dsc_plano_tarifario like '%CONTROLE%' then 'CONTROLE'
						        when o.dsc_oferta_normalizada is null
						        and r.dsc_plano_tarifario like '%CONTA FIXA%' then 'CONTROLE'
						        when upper(o.dsc_oferta_normalizada) like '%SMART%' then 'SMART'
						        when upper(o.dsc_oferta_normalizada) like '%INFINITY%' then 'INFINITY'
						        when upper(o.dsc_oferta_normalizada) like '%TOP%' then 'TOP'
						        when upper(o.dsc_oferta_normalizada) like '%BETA%' then 'BETA'
						        else 'NAO ENCONTRADO'
						    end as dsc_oferta_normalizada,
						    r.vlr_recarga
						-- condicoes
						from dw_f_rcrg_er_recarga_subset_reduzido r
						     left join er_base_oferta_diaria_subset_reduzido o on(r.dat_recarga = o.dat_referencia and r.num_msisdn = o.num_telefone)
						     left join aux.dw_d_cn_estado reg on r.ddd = reg.nom_cn 
		]]></value>
    </property>
    
    <property>
	    <name>report-recarga-oferta-hist</name>
	    <value><![CDATA[
		    INSERT OVERWRITE TABLE reports.dw_r_recarga_oferta_hist PARTITION(dat_ref_partition)
		    select
			    dat_ref,
			    num_hora,
			    nom_regional_venda,
			    num_cn,
			    dsc_plano_normalizado,
			    dsc_valor_face,
			    nom_canal_venda,
			    nom_fantasia,
			    dsc_oferta_normalizada,
			    sum(vlr_recarga) as vlr_recarga,
			    count(vlr_recarga) as qtd_recarga,
			    dat_ref
			from dw_f_recarga_oferta_dia_pre_calculada
			group by dat_ref,
			         num_hora,
			         nom_regional_venda,
			         num_cn,
			         dsc_plano_normalizado,
			         dsc_valor_face,
			         nom_canal_venda,
			         nom_fantasia,
			         dsc_oferta_normalizada
	    ]]></value>
    </property>
    
    <property>
    	<name>export-hive-to-gpdb</name>
    	<value><![CDATA[
    	       insert into ext.dw_r_recarga_oferta_hist
    	       select dat_ref, num_hora, nom_regional_venda, num_cn, dsc_plano_normalizado, dsc_valor_face, nom_canal_venda, nom_fantasia, dsc_oferta_normalizada, vlr_recarga, qtd_recarga 
    	       from reports.dw_r_recarga_oferta_hist
    	       where dat_ref_partition = '${execution-date}'
    	]]></value>
    </property>

</configuration>