<?xml version="1.0" encoding="UTF-8"?>
<configuration>

    <property>
        <name>process-id</name>
        <value>HIVE_RECARGA_INTRADAY</value>
        <description>Processo para geração de relatório intraday de recarga detalhada.</description>
    </property>

    <property>
        <name>hive-name-querys</name>
        <value>query</value>
        <description>Poderá ser adicionada uma ou mais querys</description>
    </property>

    <property>
        <name>hive-name-querys</name>
        <value>subset-dias-equivalentes, subset-d1, subset-d2, subset-d3, subset-d4, truncate-recarga-relatorio-dia, report-recarga-dia, export-hive-to-gpdb</value>
        <description>Poderá ser adicionada uma ou mais querys</description>
    </property>
    
    <property>
        <name>hiveingestion.tez.queue.name</name>
        <value>model_high</value>
    </property>
    
    <property>
        <name>hiveingestion.hive.enforce.bucketing</name>
        <value>true</value>
    </property>

	<property>
        <name>hiveingestion.hive.exec.compress.output</name>
        <value>false</value>
    </property>

    <property>
        <name>subset-dias-equivalentes</name>
        <value><![CDATA[
                        create temporary table dw_d_dias_equivalentes_line_subset stored as ORC as
						select * 
						  from aux.dw_d_dias_equivalentes 
						 where dat_referencia = current_date
        ]]></value>
    </property>
    
    <property>
        <name>subset-d1</name>
        <value><![CDATA[
                        create temporary table dw_r_recarga_oferta_hist_d1 stored as ORC as
						select /*+MAPJOIN(equi) */
						       *
						  from dw_d_dias_equivalentes_line_subset equi,
						       reports.dw_r_recarga_oferta_hist h
						 where h.dat_ref = equi.dat_equiv_m1
    	]]></value>
    </property>
    
    <property>
        <name>subset-d2</name>
        <value><![CDATA[
                        create temporary table dw_r_recarga_oferta_hist_d2 stored as ORC as
						select /*+MAPJOIN(equi) */
						       *
						  from dw_d_dias_equivalentes_line_subset equi,
						       reports.dw_r_recarga_oferta_hist h
						 where h.dat_ref = equi.dat_equiv_m2
    	]]></value>
    </property>
    
    <property>
        <name>subset-d3</name>
        <value><![CDATA[
                        create temporary table dw_r_recarga_oferta_hist_d3 stored as ORC as
						select /*+MAPJOIN(equi) */
						       *
						  from dw_d_dias_equivalentes_line_subset equi,
						       reports.dw_r_recarga_oferta_hist h
						 where h.dat_ref = equi.dat_equiv_m3
    	]]></value>
    </property>
    
    <property>
        <name>subset-d4</name>
        <value><![CDATA[
                        create temporary table dw_r_recarga_oferta_hist_d4 stored as ORC as
						select /*+MAPJOIN(equi) */
						       *
						  from dw_d_dias_equivalentes_line_subset equi,
						       reports.dw_r_recarga_oferta_hist h
						 where h.dat_ref = equi.dat_equiv_m4
    	]]></value>
    </property>
        
    <property>
    	<name>truncate-recarga-relatorio-dia</name>
    	<value><![CDATA[truncate table reports.dw_r_recarga_oferta_relatorio_dia]]></value>
    </property>
    
    <property>
	    <name>report-recarga-dia</name>
	    <value><![CDATA[
		    insert into reports.dw_r_recarga_oferta_relatorio_dia
			select /*+MAPJOIN(d1, d2, d3, d4)*/
                r.dat_ref,
                coalesce(d1.dat_ref, "") as dat_equiv_m1,
                coalesce(d2.dat_ref, "") as dat_equiv_m2,
                coalesce(d3.dat_ref, "") as dat_equiv_m3,
                coalesce(d4.dat_ref, "") as dat_equiv_m4,
                r.num_hora,
                r.nom_regional_venda,
                r.num_cn,
                r.dsc_plano_normalizado,
                r.dsc_valor_face,
                r.nom_canal_venda,
                r.nom_fantasia,
                r.dsc_oferta_normalizada,
                r.vlr_recarga as vlr_recarga_dia,
                r.qtd_recarga as qtd_recarga_dia,
                coalesce(d1.vlr_recarga, "0") as vlr_recarga_m1,
                coalesce(d1.qtd_recarga, "0") as qtd_recarga_m1,
                coalesce(d2.vlr_recarga, "0") as vlr_recarga_m2,
                coalesce(d2.qtd_recarga, "0") as qtd_recarga_m2,
                coalesce(d3.vlr_recarga, "0") as vlr_recarga_m3,
                coalesce(d3.qtd_recarga, "0") as qtd_recarga_m3,
                coalesce(d4.vlr_recarga, "0") as vlr_recarga_m4,
                coalesce(d4.qtd_recarga, "0") as qtd_recarga_m4
			from reports.dw_r_recarga_oferta_dia r 
            left join dw_r_recarga_oferta_hist_d1 d1 on (r.num_hora               = d1.num_hora 
                                                     and r.nom_regional_venda     = d1.nom_regional_venda 
                                                     and r.num_cn                 = d1.num_cn 
                                                     and r.dsc_plano_normalizado  = d1.dsc_plano_normalizado 
                                                     and r.dsc_valor_face         = d1.dsc_valor_face 
                                                     and r.nom_canal_venda        = d1.nom_canal_venda 
                                                     and r.nom_fantasia           = d1.nom_fantasia 
                                                     and r.dsc_oferta_normalizada = d1.dsc_oferta_normalizada )
            left join dw_r_recarga_oferta_hist_d2 d2 on (r.num_hora               = d2.num_hora 
                                                     and r.nom_regional_venda     = d2.nom_regional_venda 
                                                     and r.num_cn                 = d2.num_cn 
                                                     and r.dsc_plano_normalizado  = d2.dsc_plano_normalizado 
                                                     and r.dsc_valor_face         = d2.dsc_valor_face 
                                                     and r.nom_canal_venda        = d2.nom_canal_venda 
                                                     and r.nom_fantasia           = d2.nom_fantasia 
                                                     and r.dsc_oferta_normalizada = d2.dsc_oferta_normalizada )
            left join dw_r_recarga_oferta_hist_d3 d3 on (r.num_hora               = d3.num_hora
                                                     and r.nom_regional_venda     = d3.nom_regional_venda 
                                                     and r.num_cn                 = d3.num_cn 
                                                     and r.dsc_plano_normalizado  = d3.dsc_plano_normalizado 
                                                     and r.dsc_valor_face         = d3.dsc_valor_face 
                                                     and r.nom_canal_venda        = d3.nom_canal_venda 
                                                     and r.nom_fantasia           = d3.nom_fantasia 
                                                     and r.dsc_oferta_normalizada = d3.dsc_oferta_normalizada )
            left join dw_r_recarga_oferta_hist_d4 d4 on (r.num_hora               = d4.num_hora 
                                                     and r.nom_regional_venda     = d4.nom_regional_venda 
                                                     and r.num_cn                 = d4.num_cn 
                                                     and r.dsc_plano_normalizado  = d4.dsc_plano_normalizado 
                                                     and r.dsc_valor_face         = d4.dsc_valor_face 
                                                     and r.nom_canal_venda        = d4.nom_canal_venda 
                                                     and r.nom_fantasia           = d4.nom_fantasia 
                                                     and r.dsc_oferta_normalizada = d4.dsc_oferta_normalizada)
	    ]]></value>
    </property>
    
    <property>
    	<name>export-hive-to-gpdb</name>
    	<value><![CDATA[
    	       insert into ext.dw_r_recarga_oferta_relatorio_dia
    	       select * 
    	       from reports.dw_r_recarga_oferta_relatorio_dia
    	]]></value>
    </property>

</configuration>